"","","RSSobs","Pvalue","exposure","outcome","SNP"
"1",1,5.69963989246494e-05,"1","GCST90277238","GCST012879","rs11608"
"2",2,0.00293256437100367,"1","GCST90277238","GCST012879","rs116778355"
"3",3,0.000125699169390397,"1","GCST90277238","GCST012879","rs1696359"
"4",4,0.000950298916862855,"1","GCST90277238","GCST012879","rs1800961"
"5",5,0.00567102894072017,"1","GCST90277238","GCST012879","rs187429064"
"6",6,0.000367609049800375,"1","GCST90277238","GCST012879","rs2686446"
"7",7,0.000297407856106939,"1","GCST90277238","GCST012879","rs28601761"
"8",8,0.00405865512861163,"<0.013","GCST90277238","GCST012879","rs4246215"
"9",9,0.00437169765578853,"0.13","GCST90277238","GCST012879","rs429358"
"10",10,7.61177276718268e-05,"1","GCST90277238","GCST012879","rs55764039"
"11",11,0.00138130328423473,"0.754","GCST90277238","GCST012879","rs6045698"
"12",12,0.00162698258143646,"0.325","GCST90277238","GCST012879","rs62232045"
"13",13,0.00117902316772919,"0.65","GCST90277238","GCST012879","rs7957768"
"14",1,0.000241499825400653,"1","GCST90277239","GCST012879","rs113844909"
"15",2,0.00136619763503281,"1","GCST90277239","GCST012879","rs115686032"
"16",3,0.0185703835174115,"0.354","GCST90277239","GCST012879","rs146236963"
"17",4,1.45039477423037e-05,"1","GCST90277239","GCST012879","rs2237478"
"18",5,0.0047672662156864,"<0.006","GCST90277239","GCST012879","rs4246215"
"19",6,0.00337492113659167,"0.108","GCST90277239","GCST012879","rs61859797"
"20",2,0.00034192563194875,"1","GCST90277240","GCST012879","rs10841310"
"21",3,0.00101786467014742,"1","GCST90277240","GCST012879","rs10860778"
"22",4,0.00694116011634187,"1","GCST90277240","GCST012879","rs11591147"
"23",5,0.000323559471733699,"1","GCST90277240","GCST012879","rs11604424"
"24",6,6.22904688010598e-05,"1","GCST90277240","GCST012879","rs1336770"
"25",7,0.000731975022018395,"1","GCST90277240","GCST012879","rs1367117"
"26",8,0.0193845456093161,"0.736","GCST90277240","GCST012879","rs138270540"
"27",9,0.0106708515895776,"1","GCST90277240","GCST012879","rs141836086"
"28",11,0.0036985934826342,"0.023","GCST90277240","GCST012879","rs174547"
"29",12,0.000862301928107229,"1","GCST90277240","GCST012879","rs1800961"
"30",13,0.000418589947587691,"1","GCST90277240","GCST012879","rs2236514"
"31",14,0.000147147228406133,"1","GCST90277240","GCST012879","rs28627829"
"32",15,5.91223050548701e-05,"1","GCST90277240","GCST012879","rs3005923"
"33",16,1.31285343895262e-05,"1","GCST90277240","GCST012879","rs56336136"
"34",17,0.000254094477689974,"1","GCST90277240","GCST012879","rs7167665"
"35",18,0.00176337278021706,"0.92","GCST90277240","GCST012879","rs73005445"
"36",19,0.00201829235871134,"1","GCST90277240","GCST012879","rs7412"
"37",20,0.00240271992063883,"1","GCST90277240","GCST012879","rs7487904"
"38",21,0.00166673796902886,"1","GCST90277240","GCST012879","rs74915447"
"39",22,0.00783545845313648,"1","GCST90277240","GCST012879","rs79146711"
"40",23,0.000131605380439653,"1","GCST90277240","GCST012879","rs7932326"
"41",24,0.00137987103430204,"1","GCST90277240","GCST012879","rs9788072"
"42",25,7.4134026541594e-06,"1","GCST90277240","GCST012879","rs9924448"
"43",1,0.000204165436877175,"1","GCST90277242","GCST012879","rs1002079"
"44",2,0.000307212499047941,"1","GCST90277242","GCST012879","rs10241012"
"45",3,0.00220181940131311,"1","GCST90277242","GCST012879","rs10775274"
"46",4,9.74015392002319e-05,"1","GCST90277242","GCST012879","rs11265455"
"47",5,0.000376150316886986,"1","GCST90277242","GCST012879","rs12296850"
"48",6,2.61360749194171e-05,"1","GCST90277242","GCST012879","rs12921107"
"49",7,0.000369134042091064,"1","GCST90277242","GCST012879","rs13125535"
"50",8,0.0238214663369171,"1","GCST90277242","GCST012879","rs140015624"
"51",9,0.00333143777329524,"1","GCST90277242","GCST012879","rs17791425"
"52",10,6.21866432209917e-06,"1","GCST90277242","GCST012879","rs2280696"
"53",11,0.00418296508474294,"<0.015","GCST90277242","GCST012879","rs4246215"
"54",12,0.00319731850914144,"0.405","GCST90277242","GCST012879","rs429358"
"55",13,0.000300608543915679,"1","GCST90277242","GCST012879","rs635634"
"56",14,0.00854816081784643,"1","GCST90277242","GCST012879","rs77943189"
"57",15,1.45789249432073e-05,"1","GCST90277242","GCST012879","rs79528439"
"58",1,0.00159785528621269,"1","GCST90277246","GCST012879","rs10796911"
"59",2,0.000794237041692958,"1","GCST90277246","GCST012879","rs11591147"
"60",3,0.00109372047726875,"1","GCST90277246","GCST012879","rs11604424"
"61",4,0.0101296606519884,"1","GCST90277246","GCST012879","rs116302332"
"62",5,0.00131844869908495,"1","GCST90277246","GCST012879","rs144064722"
"63",6,0.00164458645005248,"0.63","GCST90277246","GCST012879","rs17395333"
"64",7,0.0037523560390859,"1","GCST90277246","GCST012879","rs1800961"
"65",8,0.00864925742985798,"0.03","GCST90277246","GCST012879","rs2524299"
"66",9,0.00450911142795226,"1","GCST90277246","GCST012879","rs61796597"
"67",10,7.1741130283483e-05,"1","GCST90277246","GCST012879","rs7012814"
"68",11,0.0013441255784417,"1","GCST90277246","GCST012879","rs7412"
"69",12,0.0032655899453508,"1","GCST90277246","GCST012879","rs79146711"
"70",13,0.000867577328095114,"1","GCST90277246","GCST012879","rs9304645"
"71",14,0.000146804171397211,"1","GCST90277246","GCST012879","rs9330455"
"72",15,0.00109600112883965,"0.69","GCST90277246","GCST012879","rs9405846"
"73",1,0.000847448598996906,"1","GCST90277251","GCST012879","rs10860778"
"74",2,0.00194704811460767,"0.731","GCST90277251","GCST012879","rs11986253"
"75",3,0.000963884039870359,"1","GCST90277251","GCST012879","rs12515163"
"76",4,0.00428332662039014,"1","GCST90277251","GCST012879","rs143678376"
"77",5,0.00276110671708181,"0.391","GCST90277251","GCST012879","rs1481977"
"78",7,0.0107476778174936,"<0.017","GCST90277251","GCST012879","rs174581"
"79",8,0.019701215949535,"1","GCST90277251","GCST012879","rs182611493"
"80",9,3.22742556084541e-05,"1","GCST90277251","GCST012879","rs2054498"
"81",10,0.00872518882020691,"0.068","GCST90277251","GCST012879","rs2625222"
"82",11,0.000290219836689173,"1","GCST90277251","GCST012879","rs3019200"
"83",12,0.00045932185802441,"1","GCST90277251","GCST012879","rs34343838"
"84",13,0.000312636508476795,"1","GCST90277251","GCST012879","rs449647"
"85",14,0.00195970233247169,"1","GCST90277251","GCST012879","rs508049"
"86",15,0.00154462729839579,"1","GCST90277251","GCST012879","rs62025936"
"87",16,0.000305390578499103,"1","GCST90277251","GCST012879","rs7936002"
"88",17,0.000270473131591041,"1","GCST90277251","GCST012879","rs7947954"
"89",18,7.51715724413615e-06,"1","GCST90277251","GCST012879","rs980814"
"90",1,0.000437114541303388,"1","GCST90277252","GCST012879","rs10150075"
"91",2,0.00114257056221724,"1","GCST90277252","GCST012879","rs115647337"
"92",3,0.0019061960882196,"1","GCST90277252","GCST012879","rs11591147"
"93",4,0.0025454878424917,"0.192","GCST90277252","GCST012879","rs11633878"
"94",5,0.00216102149740576,"1","GCST90277252","GCST012879","rs116794590"
"95",6,0.00172493897371956,"1","GCST90277252","GCST012879","rs117061362"
"96",7,0.0127961314014949,"0.896","GCST90277252","GCST012879","rs149229417"
"97",8,0.000424789276320421,"1","GCST90277252","GCST012879","rs17110517"
"98",9,0.00852565387811598,"<0.016","GCST90277252","GCST012879","rs174554"
"99",10,0.000465875033314429,"1","GCST90277252","GCST012879","rs2229738"
"100",11,0.000211041824817955,"1","GCST90277252","GCST012879","rs4072727"
"101",12,0.00152272039324679,"1","GCST90277252","GCST012879","rs72852391"
"102",13,1.41349006162402e-05,"1","GCST90277252","GCST012879","rs7412"
"103",14,0.00154740628836734,"1","GCST90277252","GCST012879","rs75101588"
"104",15,0.00903260138119948,"1","GCST90277252","GCST012879","rs77456635"
"105",16,3.81749414620477e-05,"1","GCST90277252","GCST012879","rs9559135"
