"","SNP","effect_allele.exposure","other_allele.exposure","effect_allele.outcome","other_allele.outcome","beta.exposure","beta.outcome","eaf.exposure","eaf.outcome","remove","palindromic","ambiguous","id.outcome","pval.outcome","se.outcome","outcome","mr_keep.outcome","pval_origin.outcome","data_source.outcome","chr.exposure","pos.exposure","se.exposure","samplesize.exposure","pval.exposure","exposure","id.exposure","mr_keep.exposure","pval_origin.exposure","data_source.exposure","action","mr_keep","samplesize.outcome"
"1","rs113130033","G","A","G","A",-0.216897,-0.0307255802065574,0.0429959,0.0617873500581,FALSE,FALSE,FALSE,"Tnn3eu",0.38221992417628,0.0351626364900266,"GCST012879",TRUE,"reported","textfile",14,89719965,0.0409546,7174,1.21739484397831e-07,"GCST90277247","WECm9u",TRUE,"reported","textfile",2,TRUE,NA
"2","rs11591147","T","G","T","G",-0.224926,0.0340784975139678,0.0332154,0.0122803611027,FALSE,FALSE,FALSE,"Tnn3eu",0.637792800062915,0.0723862225597752,"GCST012879",TRUE,"reported","textfile",1,55039974,0.046672,7174,1.46900976135918e-06,"GCST90277247","WECm9u",TRUE,"reported","textfile",2,TRUE,NA
"3","rs1260326","C","T","C","T",-0.105379,0.0336798523606514,0.650878,0.56503577287,FALSE,FALSE,FALSE,"Tnn3eu",0.0536880447097703,0.0174566249553225,"GCST012879",TRUE,"reported","textfile",2,27508073,0.0174533,7174,1.63830010177169e-09,"GCST90277247","WECm9u",TRUE,"reported","textfile",2,TRUE,NA
"4","rs13172653","G","A","G","A",0.0950575,0.0213212740862537,0.228082,0.169060233019,FALSE,FALSE,FALSE,"Tnn3eu",0.358237682739187,0.0232073760696092,"GCST012879",TRUE,"reported","textfile",5,50889130,0.0202146,7174,2.61759937649997e-06,"GCST90277247","WECm9u",TRUE,"reported","textfile",2,TRUE,NA
"5","rs13396724","C","T","C","T",0.258947,0.0385994213240883,0.0260757,0.0326801281409,FALSE,FALSE,FALSE,"Tnn3eu",0.514589436911074,0.0592280744670551,"GCST012879",TRUE,"reported","textfile",2,62073580,0.0528793,7174,9.93232001731822e-07,"GCST90277247","WECm9u",TRUE,"reported","textfile",2,TRUE,NA
"6","rs174527","C","G","C","G",-0.0858535,0.0276050158606572,0.44432,0.412933663718,FALSE,TRUE,TRUE,"Tnn3eu",0.124955758482355,0.0179919233606496,"GCST012879",TRUE,"reported","textfile",11,61770929,0.0170663,7174,5.00294246048249e-07,"GCST90277247","WECm9u",TRUE,"reported","textfile",2,FALSE,NA
"7","rs174584","A","G","A","G",-0.183231,-0.0732824076726695,0.409877,0.334959499404,FALSE,FALSE,FALSE,"Tnn3eu",4.58944783233803e-05,0.0179807346929196,"GCST012879",TRUE,"reported","textfile",11,61843278,0.0169196,7174,4.02190478877333e-27,"GCST90277247","WECm9u",TRUE,"reported","textfile",2,TRUE,NA
"8","rs1800961","T","C","T","C",-0.239553,-0.0546880207977936,0.0524109,0.0273950029381,FALSE,FALSE,FALSE,"Tnn3eu",0.257619631986045,0.0483094698301777,"GCST012879",TRUE,"reported","textfile",20,44413724,0.0372191,7174,1.3013943123388e-10,"GCST90277247","WECm9u",TRUE,"reported","textfile",2,TRUE,NA
"9","rs182611493","G","A","G","A",-0.282368,-0.15537817368054,0.0538013,0.0104455212791,FALSE,FALSE,FALSE,"Tnn3eu",0.108537473801366,0.096820799342062,"GCST012879",TRUE,"reported","textfile",19,19347579,0.0377678,7174,8.54834667098169e-14,"GCST90277247","WECm9u",TRUE,"reported","textfile",2,TRUE,NA
"10","rs1980102","A","C","A","C",0.0811141,0.000526008019110908,0.374541,0.339479953554,FALSE,FALSE,FALSE,"Tnn3eu",0.976152613237318,0.0175965268336542,"GCST012879",TRUE,"reported","textfile",15,33326741,0.0171434,7174,2.26973004916832e-06,"GCST90277247","WECm9u",TRUE,"reported","textfile",2,TRUE,NA
"11","rs2255531","A","G","A","G",0.0933972,0.0292532646690321,0.394936,0.407443135939,FALSE,FALSE,FALSE,"Tnn3eu",0.0941402700494722,0.0174755821680371,"GCST012879",TRUE,"reported","textfile",12,120977112,0.0170246,7174,4.24659357218494e-08,"GCST90277247","WECm9u",TRUE,"reported","textfile",2,TRUE,NA
"12","rs34500711","T","C","T","C",0.209548,0.0447289961804963,0.0381243,0.0488534071238,FALSE,FALSE,FALSE,"Tnn3eu",0.264620767216677,0.0400964138063061,"GCST012879",TRUE,"reported","textfile",9,130101985,0.0436213,7174,1.58725391275231e-06,"GCST90277247","WECm9u",TRUE,"reported","textfile",2,TRUE,NA
"13","rs58542926","T","C","T","C",-0.168598,-0.0200825215883205,0.0625655,0.0738419802685,FALSE,FALSE,FALSE,"Tnn3eu",0.531097402645557,0.0320637160987569,"GCST012879",TRUE,"reported","textfile",19,19268740,0.0344486,7174,1.00781885035434e-06,"GCST90277247","WECm9u",TRUE,"reported","textfile",2,TRUE,NA
"14","rs7412","T","C","T","C",-0.190996,-0.0129322094084969,0.053066,0.0753071987031,FALSE,FALSE,FALSE,"Tnn3eu",0.684122197337978,0.031786614442188,"GCST012879",TRUE,"reported","textfile",19,44908822,0.0372748,7174,3.0673873990824e-07,"GCST90277247","WECm9u",TRUE,"reported","textfile",2,TRUE,NA
"15","rs7957655","A","G","A","G",-0.0849482,0.0193378869253063,0.521019,0.395599896703,FALSE,FALSE,FALSE,"Tnn3eu",0.263877495346746,0.0173081082521679,"GCST012879",TRUE,"reported","textfile",12,101754513,0.0167251,7174,3.88470186048848e-07,"GCST90277247","WECm9u",TRUE,"reported","textfile",2,TRUE,NA
"16","rs111575978","A","G","A","G",0.289062,-0.0452696767503655,0.0213174,0.0163865929062,FALSE,FALSE,FALSE,"jvBUeO",0.506129166567486,0.0680872952798289,"GCST012879",TRUE,"reported","textfile",14,46693947,0.0589725,7171,9.70418706245589e-07,"GCST90277249","nbQHIF",TRUE,"reported","textfile",2,TRUE,NA
"17","rs112478356","C","G","C","G",0.315808,-0.00238689181604796,0.0172375,0.0324705067518,FALSE,TRUE,FALSE,"jvBUeO",0.959732250722344,0.0472749366207765,"GCST012879",TRUE,"reported","textfile",2,173688057,0.0667789,7171,2.29427375806203e-06,"GCST90277249","nbQHIF",TRUE,"reported","textfile",2,TRUE,NA
"18","rs1135999","G","A","G","A",-0.22595,-0.0427965467252683,0.315252,0.310189271625,FALSE,FALSE,FALSE,"jvBUeO",0.0221244598095228,0.0187029505491964,"GCST012879",TRUE,"reported","textfile",16,15038105,0.0178214,7171,1.90034831764039e-36,"GCST90277249","nbQHIF",TRUE,"reported","textfile",2,TRUE,NA
"19","rs117079226","A","G","A","G",0.375644,-0.122858736663844,0.0114766,0.00902532324763,FALSE,FALSE,FALSE,"jvBUeO",0.188783003397846,0.0934864362487683,"GCST012879",TRUE,"reported","textfile",9,109704483,0.0779374,7171,1.46570503419581e-06,"GCST90277249","nbQHIF",TRUE,"reported","textfile",2,TRUE,NA
"20","rs117754141","G","C","G","C",0.291278,-0.00154726352435744,0.0226497,0.0256215725112,FALSE,TRUE,FALSE,"jvBUeO",0.978301195312638,0.056887257121929,"GCST012879",TRUE,"reported","textfile",6,109151613,0.0597714,7171,1.12059609711298e-06,"GCST90277249","nbQHIF",TRUE,"reported","textfile",2,TRUE,NA
"21","rs1428498","G","A","G","A",-0.0812374,0.0145713557197869,0.350825,0.269407478831,FALSE,FALSE,FALSE,"jvBUeO",0.440020316491929,0.0188709287505039,"GCST012879",TRUE,"reported","textfile",5,38698557,0.0172354,7171,2.47984792202782e-06,"GCST90277249","nbQHIF",TRUE,"reported","textfile",2,TRUE,NA
"22","rs1800961","T","C","T","C",-0.23874,-0.0546880207977936,0.0524109,0.0273950029381,FALSE,FALSE,FALSE,"jvBUeO",0.257619631986045,0.0483094698301777,"GCST012879",TRUE,"reported","textfile",20,44413724,0.0372471,7171,1.54881412166839e-10,"GCST90277249","nbQHIF",TRUE,"reported","textfile",2,TRUE,NA
"23","rs182695896","C","A","C","A",0.28512,0.138645784434431,0.025305,0.0066735701923,FALSE,FALSE,FALSE,"jvBUeO",0.21185126766942,0.111050679527786,"GCST012879",TRUE,"reported","textfile",4,73947510,0.0530713,7171,8.0096417546733e-08,"GCST90277249","nbQHIF",TRUE,"reported","textfile",2,TRUE,NA
"24","rs187429064","G","A","G","A",-0.235892,-0.105465579042989,0.0535314,0.0116114968128,FALSE,FALSE,FALSE,"jvBUeO",0.234865719009406,0.0887818682885155,"GCST012879",TRUE,"reported","textfile",19,19269704,0.0378639,7171,4.9200435534845e-10,"GCST90277249","nbQHIF",TRUE,"reported","textfile",2,TRUE,NA
"25","rs2352991","G","A","G","A",-0.088946,0.0058416975058122,0.73476,0.724133969244,FALSE,FALSE,FALSE,"jvBUeO",0.763178652053608,0.0193877107705351,"GCST012879",TRUE,"reported","textfile",14,95283517,0.0191861,7171,3.61402450674429e-06,"GCST90277249","nbQHIF",TRUE,"reported","textfile",2,TRUE,NA
"26","rs2727271","T","A","T","A",-0.170476,-0.0919411746211356,0.257859,0.134179184629,FALSE,TRUE,FALSE,"jvBUeO",0.000460212228893592,0.0262471161174121,"GCST012879",TRUE,"reported","textfile",11,61835886,0.0190212,7171,3.9811002164622e-19,"GCST90277249","nbQHIF",TRUE,"reported","textfile",2,TRUE,NA
"27","rs3752149","C","A","C","A",-0.0915318,0.00466710389581595,0.258644,0.244925265604,FALSE,FALSE,FALSE,"jvBUeO",0.813204188107004,0.0197512204124766,"GCST012879",TRUE,"reported","textfile",19,15729265,0.0193371,7171,2.24764537334622e-06,"GCST90277249","nbQHIF",TRUE,"reported","textfile",2,TRUE,NA
"28","rs56374730","G","T","G","T",0.11198,0.00450971139887646,0.296257,0.246356610682,FALSE,FALSE,FALSE,"jvBUeO",0.818749341384708,0.0196798413820827,"GCST012879",TRUE,"reported","textfile",16,15773795,0.0183708,7171,1.14555951437309e-09,"GCST90277249","nbQHIF",TRUE,"reported","textfile",2,TRUE,NA
"29","rs570929","C","G","C","G",-0.0819763,0.0137702700324569,0.548187,0.546676763287,FALSE,TRUE,TRUE,"jvBUeO",0.420877298968855,0.0171080474357939,"GCST012879",TRUE,"reported","textfile",11,88318708,0.0167238,7171,9.70433323059976e-07,"GCST90277249","nbQHIF",TRUE,"reported","textfile",2,FALSE,NA
"30","rs62217148","T","C","T","C",-0.19515,-0.0515893840195496,0.0488087,0.0366872568469,FALSE,FALSE,FALSE,"jvBUeO",0.302233613429644,0.0500064147681353,"GCST012879",TRUE,"reported","textfile",20,18988572,0.0404522,7171,1.43357338529624e-06,"GCST90277249","nbQHIF",TRUE,"reported","textfile",2,TRUE,NA
"31","rs624605","T","G","T","G",-0.0840902,0.00584877718536453,0.443855,0.426668352357,FALSE,FALSE,FALSE,"jvBUeO",0.741136325888415,0.0177048468073495,"GCST012879",TRUE,"reported","textfile",11,76043576,0.0173866,7171,1.34784556483526e-06,"GCST90277249","nbQHIF",TRUE,"reported","textfile",2,TRUE,NA
"32","rs685850","G","A","G","A",0.0834062,0.0270762045700148,0.556502,0.580792942372,FALSE,FALSE,FALSE,"jvBUeO",0.111717316495221,0.0170234766200755,"GCST012879",TRUE,"reported","textfile",15,53459505,0.0167976,7171,7.00648063658709e-07,"GCST90277249","nbQHIF",TRUE,"reported","textfile",2,TRUE,NA
"33","rs7020","A","G","A","G",0.0851994,-0.0107554764757039,0.445783,0.48115686854,FALSE,FALSE,FALSE,"jvBUeO",0.53623264452648,0.0173890531721355,"GCST012879",TRUE,"reported","textfile",20,25297964,0.0168912,7171,4.66627761925029e-07,"GCST90277249","nbQHIF",TRUE,"reported","textfile",2,TRUE,NA
"34","rs7412","T","C","T","C",-0.20265,-0.0129322094084969,0.053066,0.0753071987031,FALSE,FALSE,FALSE,"jvBUeO",0.684122197337978,0.031786614442188,"GCST012879",TRUE,"reported","textfile",19,44908822,0.0372936,7171,5.68818127961778e-08,"GCST90277249","nbQHIF",TRUE,"reported","textfile",2,TRUE,NA
"35","rs77645768","A","G","A","G",0.272022,-0.0096962265808383,0.0255539,0.0247419802054,FALSE,FALSE,FALSE,"jvBUeO",0.866393272792281,0.0576327780668854,"GCST012879",TRUE,"reported","textfile",4,72803111,0.0538033,7171,4.38557381853928e-07,"GCST90277249","nbQHIF",TRUE,"reported","textfile",2,TRUE,NA
"36","rs79771052","G","A","G","A",0.391774,-0.0280609506165904,0.0120378,0.0136093069356,FALSE,FALSE,FALSE,"jvBUeO",0.706351974046034,0.0744796451244031,"GCST012879",TRUE,"reported","textfile",3,72433728,0.0807417,7171,1.24544499361498e-06,"GCST90277249","nbQHIF",TRUE,"reported","textfile",2,TRUE,NA
"37","rs11022403","T","C","T","C",0.0844945,0.0446696756630037,0.303582,0.235006383478,FALSE,FALSE,FALSE,"bQtTCU",0.0326470763510674,0.020908884307916,"GCST012879",TRUE,"reported","textfile",11,12542442,0.0183398,7174,4.14924792343146e-06,"GCST90277250","KsN3wf",TRUE,"reported","textfile",2,TRUE,NA
"38","rs113394924","G","T","G","T",0.226489,0.0793466423513926,0.0873313,0.0243493302719,FALSE,FALSE,FALSE,"bQtTCU",0.132905206917562,0.0528011890476051,"GCST012879",TRUE,"reported","textfile",11,62314821,0.0296243,7174,2.35056645359742e-14,"GCST90277250","KsN3wf",TRUE,"reported","textfile",2,TRUE,NA
"39","rs1135999","G","A","G","A",-0.101484,-0.0427965467252683,0.315252,0.310189271625,FALSE,FALSE,FALSE,"bQtTCU",0.0221244598095228,0.0187029505491964,"GCST012879",TRUE,"reported","textfile",16,15038105,0.0177973,7174,1.22558071409315e-08,"GCST90277250","KsN3wf",TRUE,"reported","textfile",2,TRUE,NA
"40","rs11591147","T","G","T","G",-0.297311,0.0340784975139678,0.0332154,0.0122803611027,FALSE,FALSE,FALSE,"bQtTCU",0.637792800062915,0.0723862225597752,"GCST012879",TRUE,"reported","textfile",1,55039974,0.0461889,7174,1.29731691025909e-10,"GCST90277250","KsN3wf",TRUE,"reported","textfile",2,TRUE,NA
"41","rs117186386","C","T","C","T",0.178031,-0.0133827046834396,0.0598929,0.057431520209,FALSE,FALSE,FALSE,"bQtTCU",0.716769694720407,0.0368893750240938,"GCST012879",TRUE,"reported","textfile",16,87676514,0.0352786,7174,4.59845269641568e-07,"GCST90277250","KsN3wf",TRUE,"reported","textfile",2,TRUE,NA
"42","rs138482835","A","G","A","G",-0.172335,-0.0203481111908991,0.061152,0.0336063366128,FALSE,FALSE,FALSE,"bQtTCU",0.709708100201957,0.0546627599300319,"GCST012879",TRUE,"reported","textfile",19,7662522,0.0365071,7174,2.39462522600948e-06,"GCST90277250","KsN3wf",TRUE,"reported","textfile",2,TRUE,NA
"43","rs182695896","C","A","C","A",0.295609,0.138645784434431,0.025305,0.0066735701923,FALSE,FALSE,FALSE,"bQtTCU",0.21185126766942,0.111050679527786,"GCST012879",TRUE,"reported","textfile",4,73947510,0.0524625,7174,1.82142661491851e-08,"GCST90277250","KsN3wf",TRUE,"reported","textfile",2,TRUE,NA
"44","rs186913978","T","G","T","G",-0.414294,-0.0166024193831723,0.011973,0.0154734537179,FALSE,FALSE,FALSE,"bQtTCU",0.809265131136574,0.068782916804144,"GCST012879",TRUE,"reported","textfile",2,17147264,0.0772963,7174,8.59933279057447e-08,"GCST90277250","KsN3wf",TRUE,"reported","textfile",2,TRUE,NA
"45","rs187429064","G","A","G","A",-0.254328,-0.105465579042989,0.0535314,0.0116114968128,FALSE,FALSE,FALSE,"bQtTCU",0.234865719009406,0.0887818682885155,"GCST012879",TRUE,"reported","textfile",19,19269704,0.0374576,7174,1.20692091178867e-11,"GCST90277250","KsN3wf",TRUE,"reported","textfile",2,TRUE,NA
"46","rs223841","G","A","G","A",-0.10079,0.00808269914746096,0.171801,0.159085999538,FALSE,FALSE,FALSE,"bQtTCU",0.726675089711392,0.0231230368573071,"GCST012879",TRUE,"reported","textfile",16,57423359,0.0218958,7174,4.23266105709168e-06,"GCST90277250","KsN3wf",TRUE,"reported","textfile",2,TRUE,NA
"47","rs28456","G","A","G","A",-0.648635,-0.0546568542750378,0.383508,0.291541200355,FALSE,FALSE,FALSE,"bQtTCU",0.0037236087795592,0.0188428109006758,"GCST012879",TRUE,"reported","textfile",11,61822009,0.0155068,7174,1e-200,"GCST90277250","KsN3wf",TRUE,"reported","textfile",2,TRUE,NA
"48","rs3019558","A","G","A","G",-0.0875493,-0.00297090508966583,0.421545,0.339920815815,FALSE,FALSE,FALSE,"bQtTCU",0.876077241005298,0.0190511144105935,"GCST012879",TRUE,"reported","textfile",11,61016803,0.0168648,7174,2.14376426361947e-07,"GCST90277250","KsN3wf",TRUE,"reported","textfile",2,TRUE,NA
"49","rs3741259","T","C","T","C",-0.215685,-0.0551073328630674,0.115847,0.143381747538,FALSE,FALSE,FALSE,"bQtTCU",0.0519703852804011,0.0283564520742243,"GCST012879",TRUE,"reported","textfile",11,61514878,0.0260229,7174,1.35591442187594e-16,"GCST90277250","KsN3wf",TRUE,"reported","textfile",2,TRUE,NA
"50","rs3767941","T","C","T","C",0.105232,-0.00466570410968533,0.166466,0.194758183082,FALSE,FALSE,FALSE,"bQtTCU",0.831989331315681,0.0219923869532402,"GCST012879",TRUE,"reported","textfile",1,40824563,0.0221242,7174,2.00501107880912e-06,"GCST90277250","KsN3wf",TRUE,"reported","textfile",2,TRUE,NA
"51","rs3820438","C","G","C","G",0.0843805,-0.0484621657113666,0.290801,0.277851881719,FALSE,TRUE,FALSE,"bQtTCU",0.0149622991068511,0.0199163106599748,"GCST012879",TRUE,"reported","textfile",1,201955621,0.0181837,7174,3.54181626983521e-06,"GCST90277250","KsN3wf",TRUE,"reported","textfile",2,TRUE,NA
"52","rs58983615","T","A","T","A",-0.401108,-0.0341092021033423,0.0208302,0.0419881188204,FALSE,TRUE,FALSE,"bQtTCU",0.612461586999677,0.0673345918401933,"GCST012879",TRUE,"reported","textfile",11,62053609,0.0587754,7174,9.52778955325701e-12,"GCST90277250","KsN3wf",TRUE,"reported","textfile",2,TRUE,NA
"53","rs635196","C","T","C","T",0.104506,0.0343613175295755,0.18429,0.204190332031,FALSE,FALSE,FALSE,"bQtTCU",0.095665875735964,0.0206220855474054,"GCST012879",TRUE,"reported","textfile",18,44179195,0.0213907,7174,1.0543075755158e-06,"GCST90277250","KsN3wf",TRUE,"reported","textfile",2,TRUE,NA
"54","rs6812370","A","G","A","G",-0.344289,-0.189967186879015,0.0165749,0.0345281071715,FALSE,FALSE,FALSE,"bQtTCU",0.0148975820083091,0.0780197805851662,"GCST012879",TRUE,"reported","textfile",4,174026533,0.0655575,7174,1.54895612079224e-07,"GCST90277250","KsN3wf",TRUE,"reported","textfile",2,TRUE,NA
"55","rs7412","T","C","T","C",-0.309996,-0.0129322094084969,0.053066,0.0753071987031,FALSE,FALSE,FALSE,"bQtTCU",0.684122197337978,0.031786614442188,"GCST012879",TRUE,"reported","textfile",19,44908822,0.0367905,7174,4.28799757966483e-17,"GCST90277250","KsN3wf",TRUE,"reported","textfile",2,TRUE,NA
"56","rs9388335","A","T","A","T",0.0782414,-0.012688787484969,0.531519,0.504528319045,FALSE,TRUE,TRUE,"bQtTCU",0.457956872737,0.0170958301643021,"GCST012879",TRUE,"reported","textfile",6,124438655,0.0168193,7174,3.34578433861756e-06,"GCST90277250","KsN3wf",TRUE,"reported","textfile",2,FALSE,NA
"57","rs11720139","G","C","G","C",0.0783531,-0.0246399801511352,0.384106,0.384526990164,FALSE,TRUE,FALSE,"0IzSjw",0.155266743148573,0.0173377881018918,"GCST012879",TRUE,"reported","textfile",3,46995266,0.0171483,7174,4.97453429966646e-06,"GCST90277266","m958aS",TRUE,"reported","textfile",2,TRUE,NA
"58","rs11727825","A","G","A","G",0.0929482,-0.0423731003876404,0.262706,0.13911725096,FALSE,FALSE,FALSE,"0IzSjw",0.0836666026293784,0.0244960001161787,"GCST012879",TRUE,"reported","textfile",4,24133433,0.0192627,7174,1.42574784106573e-06,"GCST90277266","m958aS",TRUE,"reported","textfile",2,TRUE,NA
"59","rs12949836","G","A","G","A",-0.0806684,0.0296466207027007,0.482545,0.472531986441,FALSE,FALSE,FALSE,"0IzSjw",0.0802486013920218,0.0169482337421696,"GCST012879",TRUE,"reported","textfile",17,49271490,0.0167714,7174,1.53879427399263e-06,"GCST90277266","m958aS",TRUE,"reported","textfile",2,TRUE,NA
"60","rs142604671","T","C","T","C",0.147428,-0.0131218004940827,0.092928,0.0598767501318,FALSE,FALSE,FALSE,"0IzSjw",0.76348815163321,0.043608015575575,"GCST012879",TRUE,"reported","textfile",17,61552499,0.0306717,7174,1.56414860176326e-06,"GCST90277266","m958aS",TRUE,"reported","textfile",2,TRUE,NA
"61","rs146435288","C","A","C","A",0.153318,0.00155995953079857,0.0702474,0.0523234246749,FALSE,FALSE,FALSE,"0IzSjw",0.965377163734446,0.035938040057651,"GCST012879",TRUE,"reported","textfile",5,2069974,0.0333561,7174,4.37022362913153e-06,"GCST90277266","m958aS",TRUE,"reported","textfile",2,TRUE,NA
"62","rs2714309","A","G","A","G",0.0796192,0.0141038135005608,0.391311,0.357680967846,FALSE,FALSE,FALSE,"0IzSjw",0.43256051111393,0.0179708167143978,"GCST012879",TRUE,"reported","textfile",6,7298054,0.0172046,7174,3.7576332015103e-06,"GCST90277266","m958aS",TRUE,"reported","textfile",2,TRUE,NA
"63","rs35583283","C","G","C","G",0.101885,-0.00448504185495218,0.192565,0.205092848418,FALSE,TRUE,FALSE,"0IzSjw",0.850725267577838,0.0238321247651367,"GCST012879",TRUE,"reported","textfile",8,18396999,0.0212696,7174,1.69858231948862e-06,"GCST90277266","m958aS",TRUE,"reported","textfile",2,TRUE,NA
"64","rs6455722","G","T","G","T",-0.0811247,0.0380267914597984,0.334905,0.249246185162,FALSE,FALSE,FALSE,"0IzSjw",0.0548990331697635,0.0198089792820371,"GCST012879",TRUE,"reported","textfile",6,161340057,0.0176282,7174,4.25520455643743e-06,"GCST90277266","m958aS",TRUE,"reported","textfile",2,TRUE,NA
"65","rs7529794","T","G","T","G",0.125907,-0.0195705874202954,0.249805,0.220252511159,FALSE,FALSE,FALSE,"0IzSjw",0.320768701333041,0.0197109399854917,"GCST012879",TRUE,"reported","textfile",1,39937698,0.0193482,7174,8.14868790260572e-11,"GCST90277266","m958aS",TRUE,"reported","textfile",2,TRUE,NA
"66","rs7935110","G","C","G","C",0.0823122,0.0116109965319492,0.632521,0.666349320205,FALSE,TRUE,FALSE,"0IzSjw",0.524766788579531,0.0182558596029495,"GCST012879",TRUE,"reported","textfile",11,41087025,0.0171841,7174,1.69903658658916e-06,"GCST90277266","m958aS",TRUE,"reported","textfile",2,TRUE,NA
"67","rs10733608","T","G","T","G",0.0828074,-0.000874864795030552,0.484932,0.508891509114,FALSE,FALSE,FALSE,"GSatlJ",0.959072901237307,0.017048236504832,"GCST012879",TRUE,"reported","textfile",9,114386150,0.0177949,6235,3.33997704272515e-06,"GCST90277268","NYdqdr",TRUE,"reported","textfile",2,TRUE,NA
"68","rs12303","A","G","A","G",-0.103955,0.0140972228038395,0.196404,0.134792871472,FALSE,FALSE,FALSE,"GSatlJ",0.550361125670926,0.0236047765425785,"GCST012879",TRUE,"reported","textfile",20,64047793,0.0226595,6235,4.5649982554779e-06,"GCST90277268","NYdqdr",TRUE,"reported","textfile",2,TRUE,NA
"69","rs142999489","G","C","G","C",-0.193964,0.00467801940396853,0.056224,0.0246050553625,FALSE,TRUE,FALSE,"GSatlJ",0.930488533650825,0.0536284375396583,"GCST012879",TRUE,"reported","textfile",7,95974040,0.0397553,6235,1.0913009008223e-06,"GCST90277268","NYdqdr",TRUE,"reported","textfile",2,TRUE,NA
"70","rs174527","C","G","C","G",-0.185753,0.0276050158606572,0.44432,0.412933663718,FALSE,TRUE,TRUE,"GSatlJ",0.124955758482355,0.0179919233606496,"GCST012879",TRUE,"reported","textfile",11,61770929,0.018233,6235,3.45277011577184e-24,"GCST90277268","NYdqdr",TRUE,"reported","textfile",2,FALSE,NA
"71","rs174550","C","T","C","T",-0.534201,-0.0745597180529346,0.407429,0.318698986604,FALSE,FALSE,FALSE,"GSatlJ",4.44626455204642e-05,0.0182611215032494,"GCST012879",TRUE,"reported","textfile",11,61804006,0.0169951,6235,1e-200,"GCST90277268","NYdqdr",TRUE,"reported","textfile",2,TRUE,NA
"72","rs182611493","G","A","G","A",-0.20768,-0.15537817368054,0.0538013,0.0104455212791,FALSE,FALSE,FALSE,"GSatlJ",0.108537473801366,0.096820799342062,"GCST012879",TRUE,"reported","textfile",19,19347579,0.0403794,6235,2.77698728264317e-07,"GCST90277268","NYdqdr",TRUE,"reported","textfile",2,TRUE,NA
"73","rs35798887","T","C","T","C",-0.353231,0.208024912023077,0.0163384,0.0188926150568,FALSE,FALSE,FALSE,"GSatlJ",0.00227875409802317,0.0681764965588582,"GCST012879",TRUE,"reported","textfile",22,23823892,0.0713586,6235,7.60961766029463e-07,"GCST90277268","NYdqdr",TRUE,"reported","textfile",2,TRUE,NA
"74","rs58451960","T","C","T","C",-0.169585,-0.0280936925837697,0.137195,0.209251870069,FALSE,FALSE,FALSE,"GSatlJ",0.208391801602521,0.0223320313071479,"GCST012879",TRUE,"reported","textfile",11,62059600,0.0263015,6235,1.2187582546915e-10,"GCST90277268","NYdqdr",TRUE,"reported","textfile",2,TRUE,NA
"75","rs600626","G","A","G","A",-0.120776,0.0234626258539059,0.232311,0.189688654814,FALSE,FALSE,FALSE,"GSatlJ",0.289648549384491,0.0221576945396254,"GCST012879",TRUE,"reported","textfile",11,75744264,0.0211779,6235,1.23014636120811e-08,"GCST90277268","NYdqdr",TRUE,"reported","textfile",2,TRUE,NA
"76","rs62511275","G","C","G","C",0.220372,-0.0365889325113877,0.0420349,0.0414907163396,FALSE,TRUE,FALSE,"GSatlJ",0.402352994312146,0.0436921231515215,"GCST012879",TRUE,"reported","textfile",8,116151644,0.0463935,6235,2.08150188670809e-06,"GCST90277268","NYdqdr",TRUE,"reported","textfile",2,TRUE,NA
"77","rs7179330","T","A","T","A",0.312852,-0.038995634237608,0.980304,0.98523294422,FALSE,TRUE,FALSE,"GSatlJ",0.589342446376405,0.0722423446449199,"GCST012879",TRUE,"reported","textfile",15,23837617,0.0642506,6235,1.14894610752599e-06,"GCST90277268","NYdqdr",TRUE,"reported","textfile",2,TRUE,NA
"78","rs7936002","G","A","G","A",0.134077,-0.00744428932414285,0.257197,0.218597344315,FALSE,FALSE,FALSE,"GSatlJ",0.725415542230426,0.021194891927042,"GCST012879",TRUE,"reported","textfile",11,62451557,0.0209445,6235,1.64783469573102e-10,"GCST90277268","NYdqdr",TRUE,"reported","textfile",2,TRUE,NA
"79","rs9967725","T","A","T","A",-0.100782,-0.0214142799132411,0.349902,0.286041945857,FALSE,TRUE,FALSE,"GSatlJ",0.256314877169837,0.0188648091348567,"GCST012879",TRUE,"reported","textfile",2,56382464,0.0186548,6235,6.7923613894547e-08,"GCST90277268","NYdqdr",TRUE,"reported","textfile",2,TRUE,NA
"80","rs11022403","T","C","T","C",0.0844945,0.0446696756630037,0.303582,0.235006383478,FALSE,FALSE,FALSE,"8tm8lu",0.0326470763510674,0.020908884307916,"GCST012879",TRUE,"reported","textfile",11,12542442,0.0183398,7174,4.14924792343146e-06,"GCST90277250","KsN3wf",TRUE,"reported","textfile",2,TRUE,NA
"81","rs113394924","G","T","G","T",0.226489,0.0793466423513926,0.0873313,0.0243493302719,FALSE,FALSE,FALSE,"8tm8lu",0.132905206917562,0.0528011890476051,"GCST012879",TRUE,"reported","textfile",11,62314821,0.0296243,7174,2.35056645359742e-14,"GCST90277250","KsN3wf",TRUE,"reported","textfile",2,TRUE,NA
"82","rs1135999","G","A","G","A",-0.101484,-0.0427965467252683,0.315252,0.310189271625,FALSE,FALSE,FALSE,"8tm8lu",0.0221244598095228,0.0187029505491964,"GCST012879",TRUE,"reported","textfile",16,15038105,0.0177973,7174,1.22558071409315e-08,"GCST90277250","KsN3wf",TRUE,"reported","textfile",2,TRUE,NA
"83","rs11591147","T","G","T","G",-0.297311,0.0340784975139678,0.0332154,0.0122803611027,FALSE,FALSE,FALSE,"8tm8lu",0.637792800062915,0.0723862225597752,"GCST012879",TRUE,"reported","textfile",1,55039974,0.0461889,7174,1.29731691025909e-10,"GCST90277250","KsN3wf",TRUE,"reported","textfile",2,TRUE,NA
"84","rs117186386","C","T","C","T",0.178031,-0.0133827046834396,0.0598929,0.057431520209,FALSE,FALSE,FALSE,"8tm8lu",0.716769694720407,0.0368893750240938,"GCST012879",TRUE,"reported","textfile",16,87676514,0.0352786,7174,4.59845269641568e-07,"GCST90277250","KsN3wf",TRUE,"reported","textfile",2,TRUE,NA
"85","rs138482835","A","G","A","G",-0.172335,-0.0203481111908991,0.061152,0.0336063366128,FALSE,FALSE,FALSE,"8tm8lu",0.709708100201957,0.0546627599300319,"GCST012879",TRUE,"reported","textfile",19,7662522,0.0365071,7174,2.39462522600948e-06,"GCST90277250","KsN3wf",TRUE,"reported","textfile",2,TRUE,NA
"86","rs182695896","C","A","C","A",0.295609,0.138645784434431,0.025305,0.0066735701923,FALSE,FALSE,FALSE,"8tm8lu",0.21185126766942,0.111050679527786,"GCST012879",TRUE,"reported","textfile",4,73947510,0.0524625,7174,1.82142661491851e-08,"GCST90277250","KsN3wf",TRUE,"reported","textfile",2,TRUE,NA
"87","rs186913978","T","G","T","G",-0.414294,-0.0166024193831723,0.011973,0.0154734537179,FALSE,FALSE,FALSE,"8tm8lu",0.809265131136574,0.068782916804144,"GCST012879",TRUE,"reported","textfile",2,17147264,0.0772963,7174,8.59933279057447e-08,"GCST90277250","KsN3wf",TRUE,"reported","textfile",2,TRUE,NA
"88","rs187429064","G","A","G","A",-0.254328,-0.105465579042989,0.0535314,0.0116114968128,FALSE,FALSE,FALSE,"8tm8lu",0.234865719009406,0.0887818682885155,"GCST012879",TRUE,"reported","textfile",19,19269704,0.0374576,7174,1.20692091178867e-11,"GCST90277250","KsN3wf",TRUE,"reported","textfile",2,TRUE,NA
"89","rs223841","G","A","G","A",-0.10079,0.00808269914746096,0.171801,0.159085999538,FALSE,FALSE,FALSE,"8tm8lu",0.726675089711392,0.0231230368573071,"GCST012879",TRUE,"reported","textfile",16,57423359,0.0218958,7174,4.23266105709168e-06,"GCST90277250","KsN3wf",TRUE,"reported","textfile",2,TRUE,NA
"90","rs28456","G","A","G","A",-0.648635,-0.0546568542750378,0.383508,0.291541200355,FALSE,FALSE,FALSE,"8tm8lu",0.0037236087795592,0.0188428109006758,"GCST012879",TRUE,"reported","textfile",11,61822009,0.0155068,7174,1e-200,"GCST90277250","KsN3wf",TRUE,"reported","textfile",2,TRUE,NA
"91","rs3019558","A","G","A","G",-0.0875493,-0.00297090508966583,0.421545,0.339920815815,FALSE,FALSE,FALSE,"8tm8lu",0.876077241005298,0.0190511144105935,"GCST012879",TRUE,"reported","textfile",11,61016803,0.0168648,7174,2.14376426361947e-07,"GCST90277250","KsN3wf",TRUE,"reported","textfile",2,TRUE,NA
"92","rs3741259","T","C","T","C",-0.215685,-0.0551073328630674,0.115847,0.143381747538,FALSE,FALSE,FALSE,"8tm8lu",0.0519703852804011,0.0283564520742243,"GCST012879",TRUE,"reported","textfile",11,61514878,0.0260229,7174,1.35591442187594e-16,"GCST90277250","KsN3wf",TRUE,"reported","textfile",2,TRUE,NA
"93","rs3767941","T","C","T","C",0.105232,-0.00466570410968533,0.166466,0.194758183082,FALSE,FALSE,FALSE,"8tm8lu",0.831989331315681,0.0219923869532402,"GCST012879",TRUE,"reported","textfile",1,40824563,0.0221242,7174,2.00501107880912e-06,"GCST90277250","KsN3wf",TRUE,"reported","textfile",2,TRUE,NA
"94","rs3820438","C","G","C","G",0.0843805,-0.0484621657113666,0.290801,0.277851881719,FALSE,TRUE,FALSE,"8tm8lu",0.0149622991068511,0.0199163106599748,"GCST012879",TRUE,"reported","textfile",1,201955621,0.0181837,7174,3.54181626983521e-06,"GCST90277250","KsN3wf",TRUE,"reported","textfile",2,TRUE,NA
"95","rs58983615","T","A","T","A",-0.401108,-0.0341092021033423,0.0208302,0.0419881188204,FALSE,TRUE,FALSE,"8tm8lu",0.612461586999677,0.0673345918401933,"GCST012879",TRUE,"reported","textfile",11,62053609,0.0587754,7174,9.52778955325701e-12,"GCST90277250","KsN3wf",TRUE,"reported","textfile",2,TRUE,NA
"96","rs635196","C","T","C","T",0.104506,0.0343613175295755,0.18429,0.204190332031,FALSE,FALSE,FALSE,"8tm8lu",0.095665875735964,0.0206220855474054,"GCST012879",TRUE,"reported","textfile",18,44179195,0.0213907,7174,1.0543075755158e-06,"GCST90277250","KsN3wf",TRUE,"reported","textfile",2,TRUE,NA
"97","rs6812370","A","G","A","G",-0.344289,-0.189967186879015,0.0165749,0.0345281071715,FALSE,FALSE,FALSE,"8tm8lu",0.0148975820083091,0.0780197805851662,"GCST012879",TRUE,"reported","textfile",4,174026533,0.0655575,7174,1.54895612079224e-07,"GCST90277250","KsN3wf",TRUE,"reported","textfile",2,TRUE,NA
"98","rs7412","T","C","T","C",-0.309996,-0.0129322094084969,0.053066,0.0753071987031,FALSE,FALSE,FALSE,"8tm8lu",0.684122197337978,0.031786614442188,"GCST012879",TRUE,"reported","textfile",19,44908822,0.0367905,7174,4.28799757966483e-17,"GCST90277250","KsN3wf",TRUE,"reported","textfile",2,TRUE,NA
"99","rs9388335","A","T","A","T",0.0782414,-0.012688787484969,0.531519,0.504528319045,FALSE,TRUE,TRUE,"8tm8lu",0.457956872737,0.0170958301643021,"GCST012879",TRUE,"reported","textfile",6,124438655,0.0168193,7174,3.34578433861756e-06,"GCST90277250","KsN3wf",TRUE,"reported","textfile",2,FALSE,NA
"100","rs102274","C","T","C","T",-0.372594,-0.0770360937084058,0.408673,0.319889295338,FALSE,FALSE,FALSE,"0IzSjw",2.39467170823603e-05,0.0182355340102674,"GCST012879",TRUE,"reported","textfile",11,61790354,0.0165009,7173,4.34002585568813e-109,"GCST90277288","RTvsF8",TRUE,"reported","textfile",2,TRUE,NA
"101","rs113394924","G","T","G","T",0.140717,0.0793466423513926,0.0873313,0.0243493302719,FALSE,FALSE,FALSE,"0IzSjw",0.132905206917562,0.0528011890476051,"GCST012879",TRUE,"reported","textfile",11,62314821,0.0297431,7173,2.27669605956509e-06,"GCST90277288","RTvsF8",TRUE,"reported","textfile",2,TRUE,NA
"102","rs113917790","T","C","T","C",0.350023,0.0476288623221462,0.0132488,0.0155396389333,FALSE,FALSE,FALSE,"0IzSjw",0.474387942450332,0.0665804694066331,"GCST012879",TRUE,"reported","textfile",6,21142482,0.0743456,7173,2.54579722302172e-06,"GCST90277288","RTvsF8",TRUE,"reported","textfile",2,TRUE,NA
"103","rs174527","C","G","C","G",-0.101211,0.0276050158606572,0.44432,0.412933663718,FALSE,TRUE,TRUE,"0IzSjw",0.124955758482355,0.0179919233606496,"GCST012879",TRUE,"reported","textfile",11,61770929,0.0170739,7173,3.2118330572636e-09,"GCST90277288","RTvsF8",TRUE,"reported","textfile",2,FALSE,NA
"104","rs2041149","G","A","G","A",-0.0787484,0.0175609206325503,0.477283,0.442986581756,FALSE,FALSE,FALSE,"0IzSjw",0.31043844954079,0.0173132978448643,"GCST012879",TRUE,"reported","textfile",12,101716327,0.016776,7173,2.72525627119156e-06,"GCST90277288","RTvsF8",TRUE,"reported","textfile",2,TRUE,NA
"105","rs28569162","G","A","G","A",0.11531,0.0221856178278786,0.131263,0.184022400021,FALSE,FALSE,FALSE,"0IzSjw",0.30608196326709,0.0216766954314246,"GCST012879",TRUE,"reported","textfile",11,87975724,0.0251662,7173,4.68437624039277e-06,"GCST90277288","RTvsF8",TRUE,"reported","textfile",2,TRUE,NA
"106","rs3018617","G","A","G","A",-0.0934777,-0.00625485324615867,0.301508,0.371692650203,FALSE,FALSE,FALSE,"0IzSjw",0.745721542407211,0.0192880786445793,"GCST012879",TRUE,"reported","textfile",11,62435462,0.0188348,7173,7.08293947185317e-07,"GCST90277288","RTvsF8",TRUE,"reported","textfile",2,TRUE,NA
"107","rs34822092","A","T","A","T",-0.283216,0.0417139100969982,0.0225232,0.0503773908953,FALSE,TRUE,FALSE,"0IzSjw",0.334474674280153,0.0432205777009777,"GCST012879",TRUE,"reported","textfile",2,52123601,0.0563876,7173,5.21426180864185e-07,"GCST90277288","RTvsF8",TRUE,"reported","textfile",2,TRUE,NA
"108","rs59839417","A","G","A","G",-0.0991331,-0.00732498276606772,0.205699,0.185000967072,FALSE,FALSE,FALSE,"0IzSjw",0.727607829502211,0.0210301031437212,"GCST012879",TRUE,"reported","textfile",3,39249420,0.0208492,7173,2.0230758898047e-06,"GCST90277288","RTvsF8",TRUE,"reported","textfile",2,TRUE,NA
"109","rs62025936","G","A","G","A",0.120588,0.0475296784596974,0.164905,0.16229048386,FALSE,FALSE,FALSE,"0IzSjw",0.0413172615936764,0.023295069905051,"GCST012879",TRUE,"reported","textfile",16,10434179,0.0227471,7173,1.18340723027568e-07,"GCST90277288","RTvsF8",TRUE,"reported","textfile",2,TRUE,NA
"110","rs74754540","A","G","A","G",-0.188951,0.0402103294193566,0.0491712,0.0198063832473,FALSE,FALSE,FALSE,"0IzSjw",0.486421732155984,0.0577725210591161,"GCST012879",TRUE,"reported","textfile",11,61948885,0.0388569,7173,1.18049865651349e-06,"GCST90277288","RTvsF8",TRUE,"reported","textfile",2,TRUE,NA
"111","rs7780677","A","C","A","C",-0.0861957,0.0119161612287275,0.409033,0.279498916948,FALSE,FALSE,FALSE,"0IzSjw",0.511374904090339,0.0181455632836358,"GCST012879",TRUE,"reported","textfile",7,132693734,0.0170406,7173,4.33168549756302e-07,"GCST90277288","RTvsF8",TRUE,"reported","textfile",2,TRUE,NA
"112","rs7947954","C","T","C","T",0.107838,0.0256575120327621,0.154687,0.105106942576,FALSE,FALSE,FALSE,"0IzSjw",0.334521140624129,0.0265867932809183,"GCST012879",TRUE,"reported","textfile",11,42657198,0.0230016,7173,2.80465854451962e-06,"GCST90277288","RTvsF8",TRUE,"reported","textfile",2,TRUE,NA
"113","rs1050152","T","C","T","C",0.0843898,0.00163122349574905,0.323419,0.353733151182,FALSE,FALSE,FALSE,"8tm8lu",0.924464421446034,0.0172048819020365,"GCST012879",TRUE,"reported","textfile",5,132340627,0.0179057,7106,2.48544579519226e-06,"GCST90277298","VDGwEH",TRUE,"reported","textfile",2,TRUE,NA
"114","rs11088781","A","G","A","G",0.144579,0.0371650494831106,0.91437,0.87461894643,FALSE,FALSE,FALSE,"8tm8lu",0.125684403263585,0.0242695633063343,"GCST012879",TRUE,"reported","textfile",21,20132472,0.0305572,7106,2.27140537979522e-06,"GCST90277298","VDGwEH",TRUE,"reported","textfile",2,TRUE,NA
"115","rs116643980","T","G","T","G",0.169069,0.0646104700051583,0.0555543,0.0103335235894,FALSE,FALSE,FALSE,"8tm8lu",0.470910762989447,0.0896125545252771,"GCST012879",TRUE,"reported","textfile",1,4847659,0.036888,7106,4.65022288798691e-06,"GCST90277298","VDGwEH",TRUE,"reported","textfile",2,TRUE,NA
"116","rs1168041","C","T","C","T",0.0884271,0.0261438067258767,0.733272,0.708564730406,FALSE,FALSE,FALSE,"8tm8lu",0.166808331995847,0.0189100880104054,"GCST012879",TRUE,"reported","textfile",1,62494579,0.0188447,7106,2.75033184968216e-06,"GCST90277298","VDGwEH",TRUE,"reported","textfile",2,TRUE,NA
"117","rs117580248","A","G","A","G",0.130757,-0.0743066516886074,0.110407,0.0141287711297,FALSE,FALSE,FALSE,"8tm8lu",0.33896963850431,0.0777101144842103,"GCST012879",TRUE,"reported","textfile",9,137477951,0.0278784,7106,2.7762073501901e-06,"GCST90277298","VDGwEH",TRUE,"reported","textfile",2,TRUE,NA
"118","rs12417747","A","G","A","G",-0.145567,-0.0263425858070534,0.114819,0.191994898303,FALSE,FALSE,FALSE,"8tm8lu",0.262403064162143,0.023504858379559,"GCST012879",TRUE,"reported","textfile",11,62060922,0.0266031,7106,4.60313357015135e-08,"GCST90277298","VDGwEH",TRUE,"reported","textfile",2,TRUE,NA
"119","rs12429208","T","C","T","C",0.0881571,0.000537499036008542,0.273894,0.303079825656,FALSE,FALSE,FALSE,"8tm8lu",0.976607770593446,0.0183309050281928,"GCST012879",TRUE,"reported","textfile",13,37767109,0.0190507,7106,3.76034081634948e-06,"GCST90277298","VDGwEH",TRUE,"reported","textfile",2,TRUE,NA
"120","rs12928399","C","G","C","G",-0.0856316,-0.0428023709160248,0.36124,0.33453227706,FALSE,TRUE,FALSE,"8tm8lu",0.0215595573792711,0.0186256051083717,"GCST012879",TRUE,"reported","textfile",16,14611144,0.0175453,7106,1.08100617185762e-06,"GCST90277298","VDGwEH",TRUE,"reported","textfile",2,TRUE,NA
"121","rs142082962","A","C","A","C",-0.144243,0.100114137589895,0.0779084,0.0577541643215,FALSE,FALSE,FALSE,"8tm8lu",0.00493289587650756,0.0356102749316817,"GCST012879",TRUE,"reported","textfile",6,158517411,0.0310553,7106,3.46363193169544e-06,"GCST90277298","VDGwEH",TRUE,"reported","textfile",2,TRUE,NA
"122","rs143060591","T","C","T","C",-0.149915,-0.0688140718095277,0.0743291,0.00838238790168,FALSE,FALSE,FALSE,"8tm8lu",0.498886160498278,0.101759334007942,"GCST012879",TRUE,"reported","textfile",8,85171256,0.0323781,7106,3.71819143228346e-06,"GCST90277298","VDGwEH",TRUE,"reported","textfile",2,TRUE,NA
"123","rs143309746","G","A","G","A",0.270192,0.0268052502590825,0.0225309,0.00807819453381,FALSE,FALSE,FALSE,"8tm8lu",0.825552117664601,0.121615583712904,"GCST012879",TRUE,"reported","textfile",1,27599934,0.0591168,7106,4.94388128658564e-06,"GCST90277298","VDGwEH",TRUE,"reported","textfile",2,TRUE,NA
"124","rs174528","C","T","C","T",-0.534586,-0.082838946655745,0.41439,0.348256459953,FALSE,FALSE,FALSE,"8tm8lu",3.94725611325308e-06,0.0179532784318324,"GCST012879",TRUE,"reported","textfile",11,61776027,0.0159324,7106,1e-200,"GCST90277298","VDGwEH",TRUE,"reported","textfile",2,TRUE,NA
"125","rs187429064","G","A","G","A",-0.23955,-0.105465579042989,0.0535314,0.0116114968128,FALSE,FALSE,FALSE,"8tm8lu",0.234865719009406,0.0887818682885155,"GCST012879",TRUE,"reported","textfile",19,19269704,0.0380352,7106,3.18357911109528e-10,"GCST90277298","VDGwEH",TRUE,"reported","textfile",2,TRUE,NA
"126","rs2398428","G","A","G","A",-0.0968111,0.00503025409624945,0.262839,0.273639790156,FALSE,FALSE,FALSE,"8tm8lu",0.809693083044043,0.0208878517626617,"GCST012879",TRUE,"reported","textfile",12,128751021,0.0196872,7106,8.95808679887485e-07,"GCST90277298","VDGwEH",TRUE,"reported","textfile",2,TRUE,NA
"127","rs3110971","G","A","G","A",0.0987666,-0.00660077806305443,0.207948,0.177013977728,FALSE,FALSE,FALSE,"8tm8lu",0.75851947439462,0.0214711425824595,"GCST012879",TRUE,"reported","textfile",5,38490169,0.0206593,7106,1.77895430187186e-06,"GCST90277298","VDGwEH",TRUE,"reported","textfile",2,TRUE,NA
"128","rs3741252","T","C","T","C",0.206133,0.0480256880588884,0.133653,0.104585416405,FALSE,FALSE,FALSE,"8tm8lu",0.204950591197193,0.0378879164757281,"GCST012879",TRUE,"reported","textfile",11,61744026,0.024645,7106,7.19541309299707e-17,"GCST90277298","VDGwEH",TRUE,"reported","textfile",2,TRUE,NA
"129","rs575960806","A","G","A","G",-0.351473,0.154481312459682,0.0137643,0.00700432149774,FALSE,FALSE,FALSE,"8tm8lu",0.187573057364714,0.117227325837025,"GCST012879",TRUE,"reported","textfile",8,114520741,0.0732863,7106,1.64773125759834e-06,"GCST90277298","VDGwEH",TRUE,"reported","textfile",2,TRUE,NA
"130","rs585002","C","T","C","T",0.114574,0.0260616997997883,0.861965,0.81958242479,FALSE,FALSE,FALSE,"8tm8lu",0.222195192174609,0.0213495943131261,"GCST012879",TRUE,"reported","textfile",9,15293515,0.0242442,7106,2.33432845737788e-06,"GCST90277298","VDGwEH",TRUE,"reported","textfile",2,TRUE,NA
"131","rs58983615","T","A","T","A",-0.328615,-0.0341092021033423,0.0208302,0.0419881188204,FALSE,TRUE,FALSE,"8tm8lu",0.612461586999677,0.0673345918401933,"GCST012879",TRUE,"reported","textfile",11,62053609,0.0592036,7106,2.94598395963881e-08,"GCST90277298","VDGwEH",TRUE,"reported","textfile",2,TRUE,NA
"132","rs600518","T","A","T","A",-0.113042,0.0234254301906104,0.2323,0.189681013614,FALSE,TRUE,FALSE,"8tm8lu",0.290445660442649,0.0221591570093012,"GCST012879",TRUE,"reported","textfile",11,75744328,0.0199103,7106,1.42316179840311e-08,"GCST90277298","VDGwEH",TRUE,"reported","textfile",2,TRUE,NA
"133","rs6083838","G","A","G","A",-0.0775134,0.014199001346388,0.535632,0.504910788275,FALSE,FALSE,FALSE,"8tm8lu",0.412366580286878,0.0173214303863999,"GCST012879",TRUE,"reported","textfile",20,25397682,0.0168876,7106,4.50676831413374e-06,"GCST90277298","VDGwEH",TRUE,"reported","textfile",2,TRUE,NA
"134","rs635196","C","T","C","T",0.0999107,0.0343613175295755,0.18429,0.204190332031,FALSE,FALSE,FALSE,"8tm8lu",0.095665875735964,0.0206220855474054,"GCST012879",TRUE,"reported","textfile",18,44179195,0.0216286,7106,3.91370034493303e-06,"GCST90277298","VDGwEH",TRUE,"reported","textfile",2,TRUE,NA
"135","rs73161879","A","G","A","G",-0.10307,0.0141155545271534,0.181214,0.297569586218,FALSE,FALSE,FALSE,"8tm8lu",0.500875889894604,0.0209705807847654,"GCST012879",TRUE,"reported","textfile",7,152050140,0.0222736,7106,3.76725301805275e-06,"GCST90277298","VDGwEH",TRUE,"reported","textfile",2,TRUE,NA
"136","rs74452899","C","T","C","T",-0.445712,-0.0423514888724035,0.010577,0.0204992894423,FALSE,FALSE,FALSE,"8tm8lu",0.581616524683209,0.0768594664480431,"GCST012879",TRUE,"reported","textfile",12,88630462,0.0883441,7106,4.63858182559258e-07,"GCST90277298","VDGwEH",TRUE,"reported","textfile",2,TRUE,NA
"137","rs7945579","G","A","G","A",-0.0929259,0.018312435040201,0.327714,0.392351822687,FALSE,FALSE,FALSE,"8tm8lu",0.329370899613771,0.0187746323730835,"GCST012879",TRUE,"reported","textfile",11,63618106,0.0179834,7106,2.43974758590995e-07,"GCST90277298","VDGwEH",TRUE,"reported","textfile",2,TRUE,NA
"138","rs102275","C","T","C","T",-0.419506,-0.0794407121950511,0.410377,0.331330926049,FALSE,FALSE,FALSE,"qdac6V",1.02732758950846e-05,0.0180082942131963,"GCST012879",TRUE,"reported","textfile",11,61790331,0.0164553,7121,3.30087093189494e-137,"GCST90277305","u5hqzI",TRUE,"reported","textfile",2,TRUE,NA
"139","rs147051683","G","C","G","C",0.235305,0.0519635000096955,0.0334504,0.019462877111,FALSE,TRUE,FALSE,"qdac6V",0.392136465253754,0.0607228076049069,"GCST012879",TRUE,"reported","textfile",1,170134570,0.0466541,7121,4.67567237700215e-07,"GCST90277305","u5hqzI",TRUE,"reported","textfile",2,TRUE,NA
"140","rs174527","C","G","C","G",-0.115568,0.0276050158606572,0.44432,0.412933663718,FALSE,TRUE,TRUE,"qdac6V",0.124955758482355,0.0179919233606496,"GCST012879",TRUE,"reported","textfile",11,61770929,0.0171521,7121,1.72940026196064e-11,"GCST90277305","u5hqzI",TRUE,"reported","textfile",2,FALSE,NA
"141","rs2054498","G","A","G","A",-0.0781128,-0.0128756158424577,0.537843,0.488156354755,FALSE,FALSE,FALSE,"qdac6V",0.446818099580573,0.0169253331468673,"GCST012879",TRUE,"reported","textfile",4,37392086,0.0166556,7121,2.78211698694554e-06,"GCST90277305","u5hqzI",TRUE,"reported","textfile",2,TRUE,NA
"142","rs2431163","A","G","A","G",0.263778,-0.0920906264158687,0.0266504,0.0119445777576,FALSE,FALSE,FALSE,"qdac6V",0.299384062780264,0.088740226011691,"GCST012879",TRUE,"reported","textfile",5,174893516,0.0562692,7121,2.81084424025066e-06,"GCST90277305","u5hqzI",TRUE,"reported","textfile",2,TRUE,NA
"143","rs3019200","A","C","A","C",-0.108226,0.00789929427620768,0.803119,0.846617903638,FALSE,FALSE,FALSE,"qdac6V",0.722712427634216,0.0222618150536987,"GCST012879",TRUE,"reported","textfile",11,61481911,0.0214697,7121,4.74390872924839e-07,"GCST90277305","u5hqzI",TRUE,"reported","textfile",2,TRUE,NA
"144","rs35226034","G","A","G","A",-0.202272,0.00765613198959771,0.0399378,0.0301939429451,FALSE,FALSE,FALSE,"qdac6V",0.873589036821298,0.0481211047842606,"GCST012879",TRUE,"reported","textfile",3,139980152,0.042981,7121,2.57086303362988e-06,"GCST90277305","u5hqzI",TRUE,"reported","textfile",2,TRUE,NA
"145","rs508049","T","C","T","C",-0.141112,0.029560957974317,0.0979671,0.0507126267419,FALSE,FALSE,FALSE,"qdac6V",0.409423926084033,0.0358354682093844,"GCST012879",TRUE,"reported","textfile",11,68908029,0.0288698,7121,1.04251923937009e-06,"GCST90277305","u5hqzI",TRUE,"reported","textfile",2,TRUE,NA
"146","rs62025936","G","A","G","A",0.123448,0.0475296784596974,0.164905,0.16229048386,FALSE,FALSE,FALSE,"qdac6V",0.0413172615936764,0.023295069905051,"GCST012879",TRUE,"reported","textfile",16,10434179,0.0227916,7121,6.27447106403195e-08,"GCST90277305","u5hqzI",TRUE,"reported","textfile",2,TRUE,NA
"147","rs71629271","C","T","C","T",0.167981,-0.00386474706569443,0.0634921,0.0773297029119,FALSE,FALSE,FALSE,"qdac6V",0.918763256856876,0.0378927575906552,"GCST012879",TRUE,"reported","textfile",3,176095628,0.0359228,7121,2.97423614691959e-06,"GCST90277305","u5hqzI",TRUE,"reported","textfile",2,TRUE,NA
"148","rs7780677","A","C","A","C",-0.0806159,0.0119161612287275,0.409033,0.279498916948,FALSE,FALSE,FALSE,"qdac6V",0.511374904090339,0.0181455632836358,"GCST012879",TRUE,"reported","textfile",7,132693734,0.017116,7121,2.5221311034698e-06,"GCST90277305","u5hqzI",TRUE,"reported","textfile",2,TRUE,NA
"149","rs7936002","G","A","G","A",0.110547,-0.00744428932414285,0.257197,0.218597344315,FALSE,FALSE,FALSE,"qdac6V",0.725415542230426,0.021194891927042,"GCST012879",TRUE,"reported","textfile",11,62451557,0.019742,7121,2.22147863018112e-08,"GCST90277305","u5hqzI",TRUE,"reported","textfile",2,TRUE,NA
"150","rs9380073","T","C","T","C",0.119196,-0.0159287950177606,0.123106,0.251915201694,FALSE,FALSE,FALSE,"qdac6V",0.419361031945442,0.0197253220815069,"GCST012879",TRUE,"reported","textfile",6,11061917,0.0253633,7121,2.65046372279269e-06,"GCST90277305","u5hqzI",TRUE,"reported","textfile",2,TRUE,NA
"151","rs9587408","C","T","C","T",0.0919964,0.00534495303529115,0.218684,0.235564636107,FALSE,FALSE,FALSE,"qdac6V",0.78416990953305,0.0195150321382049,"GCST012879",TRUE,"reported","textfile",13,107595697,0.0201124,7121,4.86076302433076e-06,"GCST90277305","u5hqzI",TRUE,"reported","textfile",2,TRUE,NA
"152","rs10846753","G","T","G","T",0.106016,-0.0272031254388541,0.234539,0.250009272073,FALSE,FALSE,FALSE,"IoEPey",0.181022812036723,0.0203370759220407,"GCST012879",TRUE,"reported","textfile",12,124836915,0.0214803,5852,8.21131998087926e-07,"GCST90277311","NyaOUZ",TRUE,"reported","textfile",2,TRUE,NA
"153","rs114139553","A","G","A","G",-0.373472,-0.00909949582271006,0.0138493,0.0281898777154,FALSE,FALSE,FALSE,"IoEPey",0.856351852868695,0.0502678943639737,"GCST012879",TRUE,"reported","textfile",1,103864588,0.0814559,5852,4.63167197799555e-06,"GCST90277311","NyaOUZ",TRUE,"reported","textfile",2,TRUE,NA
"154","rs118150981","A","G","A","G",-0.306048,0.0112702571904288,0.0192807,0.0214607222089,FALSE,FALSE,FALSE,"IoEPey",0.867726187508041,0.0676699694808067,"GCST012879",TRUE,"reported","textfile",18,68219549,0.0666922,5852,4.54396066955777e-06,"GCST90277311","NyaOUZ",TRUE,"reported","textfile",2,TRUE,NA
"155","rs12417747","A","G","A","G",0.18995,-0.0263425858070534,0.114819,0.191994898303,FALSE,FALSE,FALSE,"IoEPey",0.262403064162143,0.023504858379559,"GCST012879",TRUE,"reported","textfile",11,62060922,0.0289599,5852,5.83153128783444e-11,"GCST90277311","NyaOUZ",TRUE,"reported","textfile",2,TRUE,NA
"156","rs174527","C","G","C","G",0.0938072,0.0276050158606572,0.44432,0.412933663718,FALSE,TRUE,TRUE,"IoEPey",0.124955758482355,0.0179919233606496,"GCST012879",TRUE,"reported","textfile",11,61770929,0.0189305,5852,7.37458641774368e-07,"GCST90277311","NyaOUZ",TRUE,"reported","textfile",2,FALSE,NA
"157","rs174580","G","A","G","A",0.431366,-0.0746301854575663,0.409729,0.332972312323,FALSE,FALSE,FALSE,"IoEPey",3.40361964379076e-05,0.0180064746506516,"GCST012879",TRUE,"reported","textfile",11,61839170,0.0178977,5852,1.4906120134066e-122,"GCST90277311","NyaOUZ",TRUE,"reported","textfile",2,TRUE,NA
"158","rs1800588","T","C","T","C",0.112792,-0.0261840420297498,0.258046,0.242222073503,FALSE,FALSE,FALSE,"IoEPey",0.204833278678703,0.0206514865076732,"GCST012879",TRUE,"reported","textfile",15,58431476,0.0214881,5852,1.58045937632378e-07,"GCST90277311","NyaOUZ",TRUE,"reported","textfile",2,TRUE,NA
"159","rs265114","T","C","T","C",0.178123,0.019411152287088,0.0737184,0.0943146884269,FALSE,FALSE,FALSE,"IoEPey",0.492279242663612,0.02826778245871,"GCST012879",TRUE,"reported","textfile",1,217457286,0.0364694,5852,1.06461333218647e-06,"GCST90277311","NyaOUZ",TRUE,"reported","textfile",2,TRUE,NA
"160","rs35195855","T","C","T","C",0.129906,0.00729069073017072,0.148357,0.185592090894,FALSE,FALSE,FALSE,"IoEPey",0.759458616815113,0.0238108622552474,"GCST012879",TRUE,"reported","textfile",11,36094558,0.0278262,5852,3.09799544654442e-06,"GCST90277311","NyaOUZ",TRUE,"reported","textfile",2,TRUE,NA
"161","rs56208677","T","C","T","C",0.181803,-0.0254320466303892,0.0776737,0.049849749584,FALSE,FALSE,FALSE,"IoEPey",0.513619735901939,0.0389338437257041,"GCST012879",TRUE,"reported","textfile",16,56976320,0.0352747,5852,2.63109277828064e-07,"GCST90277311","NyaOUZ",TRUE,"reported","textfile",2,TRUE,NA
"162","rs61893829","T","C","T","C",-0.157143,0.0410996623147144,0.0811347,0.0369675597495,FALSE,FALSE,FALSE,"IoEPey",0.386171590804476,0.0474273716249859,"GCST012879",TRUE,"reported","textfile",11,63036470,0.0340372,5852,3.96323525001019e-06,"GCST90277311","NyaOUZ",TRUE,"reported","textfile",2,TRUE,NA
"163","rs656095","G","A","G","A",-0.130437,0.0240615043996377,0.226939,0.205766115402,FALSE,FALSE,FALSE,"IoEPey",0.267651199791276,0.0217066025738123,"GCST012879",TRUE,"reported","textfile",11,75734293,0.022171,5852,4.24246186680376e-09,"GCST90277311","NyaOUZ",TRUE,"reported","textfile",2,TRUE,NA
"164","rs6984305","T","A","T","A",0.121648,0.0130852424996525,0.837461,0.915561549303,FALSE,TRUE,FALSE,"IoEPey",0.66427638556516,0.0301491750649707,"GCST012879",TRUE,"reported","textfile",8,9320758,0.0251093,5852,1.29871664403181e-06,"GCST90277311","NyaOUZ",TRUE,"reported","textfile",2,TRUE,NA
"165","rs7041283","C","T","C","T",-0.116136,-0.0215861465386957,0.245125,0.333805417552,FALSE,FALSE,FALSE,"IoEPey",0.232586163615803,0.0180830379964353,"GCST012879",TRUE,"reported","textfile",9,78442148,0.0213807,5852,5.79444333213998e-08,"GCST90277311","NyaOUZ",TRUE,"reported","textfile",2,TRUE,NA
"166","rs73292027","G","T","G","T",0.151314,-0.0404727186677567,0.111851,0.109432929439,FALSE,FALSE,FALSE,"IoEPey",0.217184397863163,0.032796669203109,"GCST012879",TRUE,"reported","textfile",20,40441104,0.0303434,5852,6.31220374394213e-07,"GCST90277311","NyaOUZ",TRUE,"reported","textfile",2,TRUE,NA
"167","rs80201535","A","G","A","G",-0.246539,0.074983486990563,0.0308439,0.0118058357654,FALSE,FALSE,FALSE,"IoEPey",0.361616749745261,0.0821927150851892,"GCST012879",TRUE,"reported","textfile",7,10826150,0.0534979,5852,4.14137513406299e-06,"GCST90277311","NyaOUZ",TRUE,"reported","textfile",2,TRUE,NA
"168","rs1077989","C","A","C","A",-0.191986,-0.0481952082887556,0.467505,0.480764018854,FALSE,FALSE,FALSE,"0Lfo1A",0.00433234249673912,0.0168934605660541,"GCST012879",TRUE,"reported","textfile",14,67509105,0.0180501,6025,3.43365018015678e-26,"GCST90277330","mXzmYb",TRUE,"reported","textfile",2,TRUE,NA
"169","rs114325590","T","C","T","C",-0.458265,-0.00283908300971181,0.0106548,0.0190393943026,FALSE,FALSE,FALSE,"0Lfo1A",0.969666306199275,0.0746600361739653,"GCST012879",TRUE,"reported","textfile",1,107442367,0.0908649,6025,4.70174234059125e-07,"GCST90277330","mXzmYb",TRUE,"reported","textfile",2,TRUE,NA
"170","rs12920974","T","G","T","G",-0.103673,-0.027245120471151,0.330147,0.296269365442,FALSE,FALSE,FALSE,"0Lfo1A",0.150435515777745,0.0189466050572438,"GCST012879",TRUE,"reported","textfile",16,56959113,0.0195382,6025,1.1578461150527e-07,"GCST90277330","mXzmYb",TRUE,"reported","textfile",2,TRUE,NA
"171","rs138018897","G","A","G","A",-0.299264,-0.111106695757058,0.0215221,0.0100425276764,FALSE,FALSE,FALSE,"0Lfo1A",0.236678514261398,0.0938932721714919,"GCST012879",TRUE,"reported","textfile",3,19181916,0.065335,6025,4.73578344043992e-06,"GCST90277330","mXzmYb",TRUE,"reported","textfile",2,TRUE,NA
"172","rs174527","C","G","C","G",-0.121091,0.0276050158606572,0.44432,0.412933663718,FALSE,TRUE,TRUE,"0Lfo1A",0.124955758482355,0.0179919233606496,"GCST012879",TRUE,"reported","textfile",11,61770929,0.0185864,6025,7.84330796780312e-11,"GCST90277330","mXzmYb",TRUE,"reported","textfile",2,FALSE,NA
"173","rs174535","C","T","C","T",-0.403554,-0.080364556346302,0.409133,0.323803925466,FALSE,FALSE,FALSE,"0Lfo1A",9.9338262351138e-06,0.0181877508784169,"GCST012879",TRUE,"reported","textfile",11,61783884,0.0179417,6025,1.17882102625429e-107,"GCST90277330","mXzmYb",TRUE,"reported","textfile",2,TRUE,NA
"174","rs2015950","A","G","A","G",-0.134255,-0.0313281850471714,0.137192,0.21121873086,FALSE,FALSE,FALSE,"0Lfo1A",0.158190516707115,0.0221999373193623,"GCST012879",TRUE,"reported","textfile",11,62058058,0.026746,6025,5.32168522741032e-07,"GCST90277330","mXzmYb",TRUE,"reported","textfile",2,TRUE,NA
"175","rs2043085","C","T","C","T",-0.0999295,-0.0277015217488016,0.576127,0.599908109027,FALSE,FALSE,FALSE,"0Lfo1A",0.113540454122857,0.017505152639744,"GCST012879",TRUE,"reported","textfile",15,58388755,0.0182774,6025,4.74645452920763e-08,"GCST90277330","mXzmYb",TRUE,"reported","textfile",2,TRUE,NA
"176","rs56303140","A","G","A","G",0.233319,0.00676941780379938,0.034509,0.0350807687825,FALSE,FALSE,FALSE,"0Lfo1A",0.888807763798219,0.0484176661657663,"GCST012879",TRUE,"reported","textfile",2,157798940,0.0508998,6025,4.65269209383347e-06,"GCST90277330","mXzmYb",TRUE,"reported","textfile",2,TRUE,NA
"177","rs6752137","A","G","A","G",-0.128901,-0.0518392619569121,0.119963,0.0877034130179,FALSE,FALSE,FALSE,"0Lfo1A",0.0879312072047429,0.0303790824342284,"GCST012879",TRUE,"reported","textfile",2,181604439,0.0277455,6025,3.4579186776452e-06,"GCST90277330","mXzmYb",TRUE,"reported","textfile",2,TRUE,NA
"178","rs73531625","T","C","T","C",-0.0906983,-0.0083532675428644,0.289428,0.220365090681,FALSE,FALSE,FALSE,"0Lfo1A",0.67400305714038,0.0198575070894527,"GCST012879",TRUE,"reported","textfile",19,18613744,0.0198193,6025,4.82567164675526e-06,"GCST90277330","mXzmYb",TRUE,"reported","textfile",2,TRUE,NA
"179","rs79740876","A","G","A","G",0.197274,0.0343217186003929,0.0482914,0.0463785323375,FALSE,FALSE,FALSE,"0Lfo1A",0.485186833872413,0.0491726025167049,"GCST012879",TRUE,"reported","textfile",20,1463662,0.0428683,6025,4.26917828375685e-06,"GCST90277330","mXzmYb",TRUE,"reported","textfile",2,TRUE,NA
"180","rs143233558","A","G","A","G",0.149352,-0.00594431690458247,0.102158,0.0821328014078,FALSE,FALSE,FALSE,"Tnn3eu",0.849712119872572,0.0313707853690774,"GCST012879",TRUE,"reported","textfile",7,64330243,0.0284362,6956,1.54600535084506e-07,"GCST90277336","qzc7HT",TRUE,"reported","textfile",2,TRUE,NA
"181","rs145755646","G","C","G","C",0.159599,0.0408046071151451,0.0645671,0.052177542049,FALSE,TRUE,FALSE,"Tnn3eu",0.301126829232525,0.0394621075481486,"GCST012879",TRUE,"reported","textfile",17,59341291,0.0346618,6956,4.20586575813121e-06,"GCST90277336","qzc7HT",TRUE,"reported","textfile",2,TRUE,NA
"182","rs148462060","G","A","G","A",-0.260798,-0.211049677391858,0.0242972,0.00748725685054,FALSE,FALSE,FALSE,"Tnn3eu",0.0486886825536042,0.107060744162415,"GCST012879",TRUE,"reported","textfile",2,130169813,0.0560285,6956,3.30134091822294e-06,"GCST90277336","qzc7HT",TRUE,"reported","textfile",2,TRUE,NA
"183","rs174536","C","A","C","A",-0.308417,-0.0788971274029209,0.408477,0.321174001188,FALSE,FALSE,FALSE,"Tnn3eu",1.49582640910563e-05,0.0182239830130388,"GCST012879",TRUE,"reported","textfile",11,61784455,0.016945,6956,2.28136209319694e-72,"GCST90277336","qzc7HT",TRUE,"reported","textfile",2,TRUE,NA
"184","rs1800588","T","C","T","C",0.103393,-0.0261840420297498,0.258046,0.242222073503,FALSE,FALSE,FALSE,"Tnn3eu",0.204833278678703,0.0206514865076732,"GCST012879",TRUE,"reported","textfile",15,58431476,0.019692,6956,1.56012107077181e-07,"GCST90277336","qzc7HT",TRUE,"reported","textfile",2,TRUE,NA
"185","rs34382810","C","A","C","A",0.0858406,0.028368553889982,0.364635,0.415874468713,FALSE,FALSE,FALSE,"Tnn3eu",0.100057327587019,0.0172497700962758,"GCST012879",TRUE,"reported","textfile",12,2231632,0.0176118,6956,1.11610136367314e-06,"GCST90277336","qzc7HT",TRUE,"reported","textfile",2,TRUE,NA
"186","rs3741252","T","C","T","C",0.150025,0.0480256880588884,0.133653,0.104585416405,FALSE,FALSE,FALSE,"Tnn3eu",0.204950591197193,0.0378879164757281,"GCST012879",TRUE,"reported","textfile",11,61744026,0.0249794,6956,1.99459698592164e-09,"GCST90277336","qzc7HT",TRUE,"reported","textfile",2,TRUE,NA
"187","rs4782783","C","T","C","T",0.125319,0.00960976306404393,0.887952,0.900066884613,FALSE,FALSE,FALSE,"Tnn3eu",0.726060657719588,0.0274274314937679,"GCST012879",TRUE,"reported","textfile",16,83381927,0.0270403,6956,3.64320309291082e-06,"GCST90277336","qzc7HT",TRUE,"reported","textfile",2,TRUE,NA
"188","rs6992951","A","C","A","C",-0.0822485,-0.0223742423991087,0.389948,0.430484660003,FALSE,FALSE,FALSE,"Tnn3eu",0.195078121120132,0.017268044540041,"GCST012879",TRUE,"reported","textfile",8,18172468,0.0173065,6956,2.04904141188527e-06,"GCST90277336","qzc7HT",TRUE,"reported","textfile",2,TRUE,NA
"189","rs7412","T","C","T","C",0.194136,-0.0129322094084969,0.053066,0.0753071987031,FALSE,FALSE,FALSE,"Tnn3eu",0.684122197337978,0.031786614442188,"GCST012879",TRUE,"reported","textfile",19,44908822,0.0378214,6956,2.92737144282856e-07,"GCST90277336","qzc7HT",TRUE,"reported","textfile",2,TRUE,NA
"190","rs79885747","T","C","T","C",0.182052,0.066725849831021,0.049751,0.0274514035924,FALSE,FALSE,FALSE,"Tnn3eu",0.520883744409617,0.10393697891948,"GCST012879",TRUE,"reported","textfile",9,79739961,0.0396785,6956,4.54682886979357e-06,"GCST90277336","qzc7HT",TRUE,"reported","textfile",2,TRUE,NA
